<?xml version="1.0" encoding="UTF-8"?>
<project-private xmlns="http://www.netbeans.org/ns/project-private/1">
    <editor-bookmarks xmlns="http://www.netbeans.org/ns/editor-bookmarks/2" lastBookmarkId="0"/>
    <open-files xmlns="http://www.netbeans.org/ns/projectui-open-files/2">
        <group>
            <file>file:/D:/4%20Java/1%20Projects/P7%20Enigma/FieldP7_Java/src/fieldp7_java/EnigmaInterface.java</file>
            <file>file:/D:/4%20Java/1%20Projects/P7%20Enigma/FieldP7_Java/src/fieldp7_java/FXMLDocumentController.java</file>
            <file>file:/D:/4%20Java/1%20Projects/P7%20Enigma/FieldP7_Java/src/fieldp7_java/FieldP7_Java.java</file>
            <file>file:/D:/4%20Java/1%20Projects/P7%20Enigma/FieldP7_Java/src/fieldp7_java/Enigma.java</file>
        </group>
    </open-files>
</project-private>
